
    <family>
        <font weight="100" style="normal">RobotoFallback-VF.ttf
            <axis tag="ital" stylevalue="0"/>
            <axis tag="wdth" stylevalue="100"/>
            <axis tag="wght" stylevalue="100"/>
        </font>
        <font weight="100" style="italic">RobotoFallback-VF.ttf
            <axis tag="ital" stylevalue="1"/>
            <axis tag="wdth" stylevalue="100"/>
            <axis tag="wght" stylevalue="100"/>
        </font>
        <font weight="200" style="normal">RobotoFallback-VF.ttf
            <axis tag="ital" stylevalue="0"/>
            <axis tag="wdth" stylevalue="100"/>
            <axis tag="wght" stylevalue="200"/>
        </font>
        <font weight="200" style="italic">RobotoFallback-VF.ttf
            <axis tag="ital" stylevalue="1"/>
            <axis tag="wdth" stylevalue="100"/>
            <axis tag="wght" stylevalue="200"/>
        </font>
        <font weight="300" style="normal">RobotoFallback-VF.ttf
            <axis tag="ital" stylevalue="0"/>
            <axis tag="wdth" stylevalue="100"/>
            <axis tag="wght" stylevalue="300"/>
        </font>
        <font weight="300" style="italic">RobotoFallback-VF.ttf
            <axis tag="ital" stylevalue="1"/>
            <axis tag="wdth" stylevalue="100"/>
            <axis tag="wght" stylevalue="300"/>
        </font>
        <font weight="400" style="normal">RobotoFallback-VF.ttf
            <axis tag="ital" stylevalue="0"/>
            <axis tag="wdth" stylevalue="100"/>
            <axis tag="wght" stylevalue="400"/>
        </font>
        <font weight="400" style="italic">RobotoFallback-VF.ttf
            <axis tag="ital" stylevalue="1"/>
            <axis tag="wdth" stylevalue="100"/>
            <axis tag="wght" stylevalue="400"/>
        </font>
        <font weight="500" style="normal">RobotoFallback-VF.ttf
            <axis tag="ital" stylevalue="0"/>
            <axis tag="wdth" stylevalue="100"/>
            <axis tag="wght" stylevalue="500"/>
        </font>
        <font weight="500" style="italic">RobotoFallback-VF.ttf
            <axis tag="ital" stylevalue="1"/>
            <axis tag="wdth" stylevalue="100"/>
            <axis tag="wght" stylevalue="500"/>
        </font>
        <font weight="600" style="normal">RobotoFallback-VF.ttf
            <axis tag="ital" stylevalue="0"/>
            <axis tag="wdth" stylevalue="100"/>
            <axis tag="wght" stylevalue="600"/>
        </font>
        <font weight="600" style="italic">RobotoFallback-VF.ttf
            <axis tag="ital" stylevalue="1"/>
            <axis tag="wdth" stylevalue="100"/>
            <axis tag="wght" stylevalue="600"/>
        </font>
        <font weight="700" style="normal">RobotoFallback-VF.ttf
            <axis tag="ital" stylevalue="0"/>
            <axis tag="wdth" stylevalue="100"/>
            <axis tag="wght" stylevalue="700"/>
        </font>
        <font weight="700" style="italic">RobotoFallback-VF.ttf
            <axis tag="ital" stylevalue="1"/>
            <axis tag="wdth" stylevalue="100"/>
            <axis tag="wght" stylevalue="700"/>
        </font>
        <font weight="800" style="normal">RobotoFallback-VF.ttf
            <axis tag="ital" stylevalue="0"/>
            <axis tag="wdth" stylevalue="100"/>
            <axis tag="wght" stylevalue="800"/>
        </font>
        <font weight="800" style="italic">RobotoFallback-VF.ttf
            <axis tag="ital" stylevalue="1"/>
            <axis tag="wdth" stylevalue="100"/>
            <axis tag="wght" stylevalue="800"/>
        </font>
        <font weight="900" style="normal">RobotoFallback-VF.ttf
            <axis tag="ital" stylevalue="0"/>
            <axis tag="wdth" stylevalue="100"/>
            <axis tag="wght" stylevalue="900"/>
        </font>
        <font weight="900" style="italic">RobotoFallback-VF.ttf
            <axis tag="ital" stylevalue="1"/>
            <axis tag="wdth" stylevalue="100"/>
            <axis tag="wght" stylevalue="900"/>
        </font>
    </family>
</familyset>